{
	"t1": {
		"pwf": 165.5780218655845
	},
	"t2": {
		"q_inj": 45000,
		"q_liq": 73.18334363565108
	}
}