{
	"t1": {
		"pwf": 165.5780218655845
	},
	"t2": {
		"q_inj": 43000,
		"q_liq": 73.20455952918842
	}
}