{
	"t1": {
		"pwf": 131.74880551937642
	},
	"t2": {
		"q_inj": 41000,
		"q_liq": 94.72538055622961
	}
}