{
    "t1": {
        "pwf": 120.7292747184952
    },
    "t2": {
        "q_inj": 39500,
        "q_liq": 94.72538055622961
    }
}