{"t1": {"pwf": 117.80182425108208}, "t2": {"q_inj": 75000, "q_liq": 152.5224730166369}}