{"gamma_water": 1.0780108756816333, "md_vdp": 1896.8136871496608, "d_tub": 0.936137999793878, "angle": 55.38170626577383, "roughness": 0.0003518518863725642, "p_wh": 149.34389095294185, "t_wh": 23.389264532676115, "temp_grad": 2.9195096724224543}