{
    "q_liq": [
        1,
        11,
        21,
        31,
        41,
        51,
        61,
        71,
        81,
        91,
        101,
        111,
        121,
        131,
        141,
        151,
        161,
        171,
        181,
        191,
        201,
        211,
        221,
        231,
        241,
        251,
        261,
        271,
        281,
        291,
        301,
        311,
        321,
        331,
        341,
        351,
        361,
        371,
        381,
        391
    ],
    "p_wf": [
        298.3188288995333,
        298.317514311293,
        298.31375489998436,
        298.30856757648866,
        298.3017305784739,
        298.2932655128815,
        298.28318706577284,
        298.2715048463359,
        298.25822556661666,
        298.2433541449251,
        298.22689431976477,
        298.2088490166616,
        298.1892205797672,
        298.16801092467455,
        298.1452216429611,
        298.120854075908,
        298.0949093678408,
        298.067388505591,
        298.0382923482628,
        298.00762165007194,
        297.97537707813694,
        297.94155922652624,
        297.9061686274866,
        297.8692057605156,
        297.8306710597672,
        297.79056492015246,
        297.74888770240585,
        297.70563973732646,
        297.6608213293536,
        297.61443275960096,
        297.56647428844605,
        297.51694615775557,
        297.46584859280426,
        297.41318180394074,
        297.3589459880392,
        297.3031413297694,
        297.2457680027141,
        297.1868261703539,
        297.1263159869402,
        297.0642375982702
    ]
}