{
    "q_liq": [
        1.0,
        22.0,
        43.0,
        64.0,
        85.0,
        106.0,
        127.0,
        148.0,
        169.0,
        190.0,
        211.0,
        232.0,
        253.0,
        274.0,
        295.0,
        316.0,
        337.0,
        358.0,
        379.0,
        400.0
    ],
    "p_wf": [
        421.26536796093245,
        421.2476381210065,
        421.20289525571036,
        421.13180955010495,
        421.03451517993767,
        420.91107167584664,
        420.76151262050644,
        420.5858596081449,
        420.3841277275538,
        420.1563281464089,
        419.9024694866567,
        419.6225586233321,
        419.3166011801856,
        418.98460185353025,
        418.62656463284503,
        418.242492956285,
        417.8323898234943,
        417.39625787945926,
        416.9340994781532,
        416.44591673172687
    ]
}