{
	"t1": {
		"pwf": 108.5005795234696
	},
	"t2": {
		"q_inj": 49000,
		"q_liq": 165.26683987902103
	}
}