{"fluid": {"gamma_oil": 0.8389065215238221, "gamma_water": 1.0612078682641055, "gamma_gas": 0.7184767125102263, "wct": 0.20979459970811157, "rp": 169.1730229217553}, "pipe": {"tubing": {"d": 0.07083010060145838, "md": 1400, "roughness": 0.00013868086315226388}, "casing": {"d": 0.09628217789336528, "roughness": 0.0006827666311319265}}, "inclinometry": {"md": [0, 1400, 1912.5080345483116, 1922.4460032103086, 1977.1330212727619, 1993.7869142591967, 2024.285298625243, 2034.3065865595668], "tvd": [0, 1300, 1905.0780334946812, 1907.367790126081, 1947.5649257714667, 1962.932219260114, 1991.353117686031, 1999.3132259640743]}, "temperature": {"t_res": 85.61158761911088, "temp_grad": 2.5034972949970995}, "reservoir": {"md_vdp": 2034.3065865595668, "p_res": 196.9558116372993, "pi": 1.0185250224523037}, "regime": {"p_wh": 18.13367972475651}}