{"fluid": {"gamma_oil": 0.888579166386131, "gamma_water": 1.0438196932018364, "gamma_gas": 0.6164870140892732, "wct": 0.04529685455953123, "rp": 149.28156373254077}, "pipe": {"tubing": {"d": 0.09190179500837073, "md": 1400, "roughness": 0.00047318511297318413}, "casing": {"d": 0.12028464315405038, "roughness": 0.000935387695290635}}, "inclinometry": {"md": [0, 1400, 1983.7148645825102, 2066.5396207247904, 2072.237264067742, 2075.194730271399, 2156.17084682048, 2158.1475563693953], "tvd": [0, 1300, 1570.265240197913, 1610.255427063166, 1612.8583333491747, 1613.290809103475, 1633.9096869539355, 1635.4916451555441]}, "temperature": {"t_res": 67.77024076415168, "temp_grad": 2.1368741655653665}, "reservoir": {"md_vdp": 2158.1475563693953, "p_res": 208.9457441695906, "pi": 1.0364580043859672}, "regime": {"p_wh": 15.027341511464922}}