{"fluid": {"gamma_oil": 0.8003762767196443, "gamma_water": 1.0170682056683662, "gamma_gas": 0.6794594788095489, "wct": 0.23400667653949095, "rp": 287.91870431903715}, "pipe": {"tubing": {"d": 0.0620121871029555, "md": 1400, "roughness": 0.0001573168152182393}, "casing": {"d": 0.11077733089218898, "roughness": 0.000831638366405473}}, "inclinometry": {"md": [0, 1400, 1888.0463680814235, 1986.9311242517842, 2036.583132962935, 2092.5490734870627, 2159.543191973752, 2186.6510282265563], "tvd": [0, 1300, 1748.9535842015764, 1838.9112475587112, 1866.0036388943727, 1912.7000134820298, 1976.7542007886018, 1997.7522452437574]}, "temperature": {"t_res": 74.06028455173, "temp_grad": 2.424074014988776}, "reservoir": {"md_vdp": 2186.6510282265563, "p_res": 211.7053697202321, "pi": 0.8719878996254858}, "regime": {"p_wh": 17.566009391078058}}