{"fluid": {"gamma_oil": 0.8816742534654372, "gamma_water": 1.0258963086843613, "gamma_gas": 0.6566355654910893, "wct": 0.22204136401009414, "rp": 291.6543638349117}, "pipe": {"tubing": {"d": 0.09291710318093027, "md": 1400, "roughness": 0.00029203017404425024}, "casing": {"d": 0.14353423245360958, "roughness": 0.0006576609206060964}}, "inclinometry": {"md": [0, 1400, 1936.0968898247768, 2016.3766673525777, 2069.1051346479258, 2125.8690173963364, 2179.4081190846928, 2235.1596691367536], "tvd": [0, 1300, 1801.1330919558404, 1870.0106171126615, 1897.2454141444587, 1910.9342661063788, 1919.2481020346681, 1973.5365841772973]}, "temperature": {"t_res": 84.59088122032199, "temp_grad": 2.15210508414651}, "reservoir": {"md_vdp": 2235.1596691367536, "p_res": 216.40183917326968, "pi": 0.766641059138953}, "regime": {"p_wh": 17.21538440443406}}