{"fluid": {"gamma_oil": 0.819922932610551, "gamma_water": 1.065767772869218, "gamma_gas": 0.7770265399733396, "wct": 0.2601647451069064, "rp": 271.7553460120141}, "pipe": {"tubing": {"d": 0.07112226630899599, "md": 1400, "roughness": 0.00086892437242553}, "casing": {"d": 0.10065899660311724, "roughness": 0.0008363159846038213}}, "inclinometry": {"md": [0, 1400, 1846.0836037884499, 1940.5972579013544, 1953.598882873266, 2004.2048246115232, 2081.2424601584944, 2177.916335357546], "tvd": [0, 1300, 1674.0304361117335, 1725.1703893135, 1727.723842008427, 1757.307226723891, 1819.7502028480762, 1889.1731386300291]}, "temperature": {"t_res": 68.16534893720252, "temp_grad": 2.4991883955420553}, "reservoir": {"md_vdp": 2177.916335357546, "p_res": 210.8597014543057, "pi": 0.8780197860361189}, "regime": {"p_wh": 27.399630778876677}}