{"fluid": {"gamma_oil": 0.8044370740255244, "gamma_water": 1.0469210633324042, "gamma_gas": 0.6913942004112129, "wct": 0.19211388871350504, "rp": 183.2709545648271}, "pipe": {"tubing": {"d": 0.09008716312635834, "md": 1400, "roughness": 0.00016115048650670747}, "casing": {"d": 0.12777535248428754, "roughness": 0.0005118863543087419}}, "inclinometry": {"md": [0, 1400, 1862.3249500006145, 1881.8725858833827, 1970.266046695545, 2020.77648223271, 2030.539648732757, 2120.3961957497568], "tvd": [0, 1300, 1520.558881147728, 1527.9094998731518, 1613.309885341252, 1626.462358436846, 1628.035447183838, 1647.620742795922]}, "temperature": {"t_res": 68.62643819908033, "temp_grad": 2.965304080998764}, "reservoir": {"md_vdp": 2120.3961957497568, "p_res": 205.29076417769664, "pi": 0.736631386202169}, "regime": {"p_wh": 17.77624735853242}}