{"fluid": {"gamma_oil": 0.8795684992653321, "gamma_water": 1.0333949154594366, "gamma_gas": 0.7480541851779293, "wct": 0.12488389177160762, "rp": 107.15552338159765}, "pipe": {"tubing": {"d": 0.06467423309013604, "md": 1400, "roughness": 0.00018577605333029587}, "casing": {"d": 0.10386269308589582, "roughness": 0.000828506840506545}}, "inclinometry": {"md": [0, 1400, 1874.4218481037149, 1884.7005957447334, 1913.8853381291192, 1957.147721063974, 2013.084045257666, 2108.3619878627997], "tvd": [0, 1300, 1793.7481848900766, 1798.6736173912084, 1826.9377316089967, 1867.7749253168945, 1922.7467792850493, 1952.829547854416]}, "temperature": {"t_res": 82.2135290949721, "temp_grad": 2.6008525634943043}, "reservoir": {"md_vdp": 2108.3619878627997, "p_res": 204.12564619722738, "pi": 0.7227463460950463}, "regime": {"p_wh": 25.12769292665604}}