{"fluid": {"gamma_oil": 0.8654671829949905, "gamma_water": 1.0171192761146937, "gamma_gas": 0.6233176242088485, "wct": 0.09891888001074062, "rp": 241.33483127551955}, "pipe": {"tubing": {"d": 0.07298150270801186, "md": 1400, "roughness": 0.00031810850879398464}, "casing": {"d": 0.11419115811376696, "roughness": 0.0006895776496471907}}, "inclinometry": {"md": [0, 1400, 1904.746936056907, 1966.7490074400434, 2039.0318782258541, 2062.385765117155, 2069.0654659730453, 2136.0568020876453], "tvd": [0, 1300, 1778.6702737588757, 1795.7989895351152, 1804.2049968801641, 1804.7905456685746, 1810.2759481697706, 1860.489927152449]}, "temperature": {"t_res": 70.69315389734709, "temp_grad": 2.807432755868785}, "reservoir": {"md_vdp": 2136.0568020876453, "p_res": 206.806979802416, "pi": 1.411383393223976}, "regime": {"p_wh": 28.950115633918458}}