{"fluid": {"gamma_oil": 0.8701487284208035, "gamma_water": 1.071953456671538, "gamma_gas": 0.7410597519933854, "wct": 0.1959594937757593, "rp": 156.2690250418494}, "pipe": {"tubing": {"d": 0.0760911021508289, "md": 1400, "roughness": 0.00013257118866786708}, "casing": {"d": 0.11742709175130246, "roughness": 0.0007015845569690395}}, "inclinometry": {"md": [0, 1400, 1862.2742806629128, 1912.1944970813593, 1963.192352129395, 1995.044591185277, 2047.655090238358, 2072.381031638734], "tvd": [0, 1300, 1695.1404745866348, 1719.640290944849, 1744.815246749551, 1755.35341974173, 1759.781284844671, 1781.4784684883398]}, "temperature": {"t_res": 82.30229922876303, "temp_grad": 2.6573007371390007}, "reservoir": {"md_vdp": 2072.381031638734, "p_res": 200.64207175303213, "pi": 1.172590724834473}, "regime": {"p_wh": 16.00137667899187}}