{"fluid": {"gamma_oil": 0.8203999996884177, "gamma_water": 1.0436904109745841, "gamma_gas": 0.6800133361612093, "wct": 0.37697841806770516, "rp": 228.66985735469046}, "pipe": {"tubing": {"d": 0.07520665174880553, "md": 1400, "roughness": 0.0004390553897103591}, "casing": {"d": 0.10043894488209311, "roughness": 0.0005078227884087312}}, "inclinometry": {"md": [0, 1400, 1869.30508352761, 1928.8900837375022, 1941.8341478496143, 1956.742910355439, 2029.4387527369704, 2067.137816830549], "tvd": [0, 1300, 1686.1295490850464, 1724.4809662636987, 1731.039404858403, 1736.4818180608681, 1776.572244962067, 1779.8662357385174]}, "temperature": {"t_res": 69.49020046292284, "temp_grad": 2.1995725464598985}, "reservoir": {"md_vdp": 2067.137816830549, "p_res": 200.1344385206779, "pi": 0.781746181652652}, "regime": {"p_wh": 24.492986034576774}}