{"fluid": {"gamma_oil": 0.8171255688607577, "gamma_water": 1.0270304740104588, "gamma_gas": 0.7510415810326262, "wct": 0.2345559434679912, "rp": 198.69886717168205}, "pipe": {"tubing": {"d": 0.0790031224113261, "md": 1400, "roughness": 0.0003178624757926329}, "casing": {"d": 0.13132473103425957, "roughness": 0.00037573484518970936}}, "inclinometry": {"md": [0, 1400, 1878.572953725886, 1950.6901357535703, 2039.0933235194036, 2131.032740781441, 2207.4048441179993, 2248.5281317696963], "tvd": [0, 1300, 1640.1155852814195, 1670.4936634243604, 1745.9800569545118, 1804.2026791627368, 1878.1178311835881, 1895.9806544164596]}, "temperature": {"t_res": 85.50603830114198, "temp_grad": 2.946506344214342}, "reservoir": {"md_vdp": 2248.5281317696963, "p_res": 217.6961359255931, "pi": 0.7800988934459808}, "regime": {"p_wh": 25.856451640141387}}