{"fluid": {"gamma_oil": 0.8404948110346857, "gamma_water": 1.029129007452906, "gamma_gas": 0.6418342966778595, "wct": 0.19283518199187855, "rp": 226.92182301065543}, "pipe": {"tubing": {"d": 0.06635496573310293, "md": 1400, "roughness": 0.00024108261803664556}, "casing": {"d": 0.14064790238902275, "roughness": 0.0002591301346003281}}, "inclinometry": {"md": [0, 1400, 1879.3092490202828, 1916.6342852297867, 1989.821370705586, 2006.2710343953577, 2085.6458894283314, 2164.469098204866], "tvd": [0, 1300, 1843.8307294389642, 1853.3131391646623, 1918.22762718514, 1924.850609584962, 1993.678322465149, 2008.80597742291]}, "temperature": {"t_res": 78.96635258514748, "temp_grad": 2.73275612670558}, "reservoir": {"md_vdp": 2164.469098204866, "p_res": 209.5577779757191, "pi": 1.404384822520143}, "regime": {"p_wh": 17.18725104275972}}