{"fluid": {"gamma_oil": 0.8371351953223019, "gamma_water": 1.0768501494050107, "gamma_gas": 0.6512467914769355, "wct": 0.18923155224926905, "rp": 299.24333037092254}, "pipe": {"tubing": {"d": 0.06753835317711583, "md": 1400, "roughness": 0.0007134079882405053}, "casing": {"d": 0.11367654910102838, "roughness": 0.0004009026918722572}}, "inclinometry": {"md": [0, 1400, 1804.5095797754252, 1821.9198814621386, 1879.9699699329558, 1963.089027171789, 2002.5045954371908, 2039.5423041831798], "tvd": [0, 1300, 1670.5132240270373, 1680.9865827241385, 1684.3023873777322, 1734.5414095638723, 1773.274914365441, 1782.8090239989615]}, "temperature": {"t_res": 70.5219790138583, "temp_grad": 2.9851327665429293}, "reservoir": {"md_vdp": 2039.5423041831798, "p_res": 197.4627190134418, "pi": 1.2952934488915542}, "regime": {"p_wh": 19.477370534562926}}