{"fluid": {"gamma_oil": 0.8847956703033656, "gamma_water": 1.070203394178398, "gamma_gas": 0.6393528796002124, "wct": 0.2379609345686408, "rp": 193.42144817885628}, "pipe": {"tubing": {"d": 0.07886774972717882, "md": 1400, "roughness": 0.0005080376914290357}, "casing": {"d": 0.10767239242332403, "roughness": 0.0003510401252464593}}, "inclinometry": {"md": [0, 1400, 1826.7571269914401, 1828.3674941389443, 1860.752839754446, 1910.9621237729632, 1976.176030252499, 2005.3064769242194], "tvd": [0, 1300, 1712.4758501650622, 1712.9421092712166, 1740.1056306916144, 1773.866903324551, 1836.9568615096684, 1838.6299328036362]}, "temperature": {"t_res": 80.62844589936384, "temp_grad": 2.402077441975664}, "reservoir": {"md_vdp": 2005.3064769242194, "p_res": 194.14810302123456, "pi": 1.2531667993753102}, "regime": {"p_wh": 28.787177370052706}}