{"fluid": {"gamma_oil": 0.8235217147913246, "gamma_water": 1.0064628623618126, "gamma_gas": 0.6977380022086989, "wct": 0.3723301531443084, "rp": 163.7859422253384}, "pipe": {"tubing": {"d": 0.062482475180529254, "md": 1400, "roughness": 0.0008394404191985958}, "casing": {"d": 0.13771160837225319, "roughness": 0.0009046868718168071}}, "inclinometry": {"md": [0, 1400, 1889.434892299735, 1912.6279970798057, 1969.1640397031213, 1986.497643491166, 2050.072630062843, 2052.0707418263432], "tvd": [0, 1300, 1601.9066819934596, 1619.7769978043486, 1639.423097419762, 1653.7016808227213, 1705.4121033821946, 1705.7296266207672]}, "temperature": {"t_res": 71.4396193325123, "temp_grad": 2.734094731667617}, "reservoir": {"md_vdp": 2052.0707418263432, "p_res": 198.675686921455, "pi": 0.8168199913405993}, "regime": {"p_wh": 29.19397935551396}}