{"fluid": {"gamma_oil": 0.8376668680276884, "gamma_water": 1.0443289770263664, "gamma_gas": 0.7504536417207157, "wct": 0.2951377389579719, "rp": 119.32173683634532}, "pipe": {"tubing": {"d": 0.0733109007285801, "md": 1400, "roughness": 0.00010791540661726856}, "casing": {"d": 0.12953449732543287, "roughness": 0.00023010900325237741}}, "inclinometry": {"md": [0, 1400, 1940.03858525593, 1979.380110972767, 2065.751169355671, 2070.0184816685883, 2130.1263054007327, 2171.9866754776485], "tvd": [0, 1300, 1758.3188981972344, 1796.6000984465004, 1833.412793157574, 1837.2306725347596, 1862.3663992107513, 1879.889976224913]}, "temperature": {"t_res": 85.79770860757887, "temp_grad": 2.7626326985646044}, "reservoir": {"md_vdp": 2171.9866754776485, "p_res": 210.28560855105582, "pi": 1.1215866853782792}, "regime": {"p_wh": 25.117249884292995}}