{"fluid": {"gamma_oil": 0.815257394232697, "gamma_water": 1.0035117182942592, "gamma_gas": 0.6260975545769271, "wct": 0.3376866682157573, "rp": 289.5539014967733}, "pipe": {"tubing": {"d": 0.08499001668539907, "md": 1400, "roughness": 0.0001298808877108957}, "casing": {"d": 0.13850518486116278, "roughness": 0.00044250019092002525}}, "inclinometry": {"md": [0, 1400, 1882.5968011603215, 1892.7972595647377, 1927.1206674121406, 1972.0946545030374, 2046.0861770774509, 2058.271515791018], "tvd": [0, 1300, 1519.047088434595, 1523.9703331926237, 1548.8272170172133, 1593.2793613829638, 1645.1129620577042, 1649.9859658267578]}, "temperature": {"t_res": 75.61011422885385, "temp_grad": 2.561827629102252}, "reservoir": {"md_vdp": 2058.271515791018, "p_res": 199.2760283238084, "pi": 0.9289942572131527}, "regime": {"p_wh": 25.398915471684845}}