{"fluid": {"gamma_oil": 0.8249817323553142, "gamma_water": 1.000293745623301, "gamma_gas": 0.6327356686748081, "wct": 0.2866500755710043, "rp": 123.38036179074432}, "pipe": {"tubing": {"d": 0.0697662195003595, "md": 1400, "roughness": 0.0005559895419136}, "casing": {"d": 0.10320751552621184, "roughness": 0.0005872945930582338}}, "inclinometry": {"md": [0, 1400, 1985.3433330009186, 2045.559297060653, 2050.486616840719, 2126.100973657901, 2210.3749732704937, 2232.4228200221387], "tvd": [0, 1300, 1938.0606873224415, 1946.419908511481, 1946.8377780310864, 1994.0930730973685, 2008.8772827422506, 2015.354864970535]}, "temperature": {"t_res": 77.52141835870339, "temp_grad": 2.2957623671152545}, "reservoir": {"md_vdp": 2232.4228200221387, "p_res": 216.13686518052978, "pi": 1.3369949855799348}, "regime": {"p_wh": 26.455202781285596}}