{"fluid": {"gamma_oil": 0.8172933012332511, "gamma_water": 1.0331183196163494, "gamma_gas": 0.6199826638768774, "wct": 0.21061451058244496, "rp": 149.07740655146029}, "pipe": {"tubing": {"d": 0.06706217317860128, "md": 1400, "roughness": 0.0006564399300833607}, "casing": {"d": 0.11598900488889724, "roughness": 0.0008745709759865178}}, "inclinometry": {"md": [0, 1400, 1823.8882085468138, 1892.1166733423947, 1930.553546543027, 1960.0354722678765, 1981.8266856922367, 2007.691481573734], "tvd": [0, 1300, 1504.2659699036572, 1544.9084950895324, 1580.8810872710512, 1593.694500410854, 1610.5790884617181, 1629.95273419948]}, "temperature": {"t_res": 73.79624803887543, "temp_grad": 2.924783392684141}, "reservoir": {"md_vdp": 2007.691481573734, "p_res": 194.3790124277161, "pi": 1.3208244062108538}, "regime": {"p_wh": 22.003123174937176}}