{"fluid": {"gamma_oil": 0.8941938330273865, "gamma_water": 1.0569385764303703, "gamma_gas": 0.7155972880489305, "wct": 0.19278048981262483, "rp": 241.02077203811575}, "pipe": {"tubing": {"d": 0.08244742973484358, "md": 1400, "roughness": 0.0008406484370718823}, "casing": {"d": 0.14689749386900425, "roughness": 0.0002898011458367357}}, "inclinometry": {"md": [0, 1400, 1969.0302439835418, 2033.9578620126663, 2076.113796620265, 2090.5000067261835, 2166.9430105041997, 2194.578937331722], "tvd": [0, 1300, 1699.7970235981747, 1738.253360287678, 1747.9072954867227, 1761.256206121299, 1798.855765770663, 1823.6421044831059]}, "temperature": {"t_res": 69.21380031131369, "temp_grad": 2.272293772912053}, "reservoir": {"md_vdp": 2194.578937331722, "p_res": 212.4729274633525, "pi": 1.16328295716435}, "regime": {"p_wh": 24.764416890453127}}