{"fluid": {"gamma_oil": 0.8480035264023581, "gamma_water": 1.0570774930493902, "gamma_gas": 0.7587330130608944, "wct": 0.30725451335655984, "rp": 263.48193807608226}, "pipe": {"tubing": {"d": 0.09301209315183871, "md": 1400, "roughness": 0.0009647618295205513}, "casing": {"d": 0.13048799238525005, "roughness": 0.00021616337889028748}}, "inclinometry": {"md": [0, 1400, 1928.5105968403584, 2003.9037993318032, 2043.5426008262978, 2069.489931349883, 2087.9450233335256, 2135.9916022056686], "tvd": [0, 1300, 1771.4151472984051, 1844.0251830214231, 1844.6917336302345, 1869.2286760336394, 1881.9011760120302, 1916.0630110785303]}, "temperature": {"t_res": 85.96971304856223, "temp_grad": 2.315520801649239}, "reservoir": {"md_vdp": 2135.9916022056686, "p_res": 206.80066733419795, "pi": 0.8997891960963901}, "regime": {"p_wh": 18.07144718858681}}