{"fluid": {"gamma_oil": 0.8618336344351054, "gamma_water": 1.0264168379794418, "gamma_gas": 0.6809403600046405, "wct": 0.03658879900847234, "rp": 203.27155757079544}, "pipe": {"tubing": {"d": 0.06741121279740245, "md": 1400, "roughness": 0.0006366675395018519}, "casing": {"d": 0.09612381024904167, "roughness": 0.0006372506277274536}}, "inclinometry": {"md": [0, 1400, 1952.304712141365, 2040.6707669061977, 2065.255119082681, 2082.0961040666075, 2160.234194741038, 2209.3548154263103], "tvd": [0, 1300, 1753.382993106524, 1813.6945591975073, 1825.4218567583137, 1834.0420059487678, 1838.0431995689698, 1840.5161269850337]}, "temperature": {"t_res": 79.45695632794173, "temp_grad": 2.106539446422642}, "reservoir": {"md_vdp": 2209.3548154263103, "p_res": 213.90348620115574, "pi": 1.1247761986926221}, "regime": {"p_wh": 25.03200755272752}}