{"fluid": {"gamma_oil": 0.8621123639108569, "gamma_water": 1.0239353869928798, "gamma_gas": 0.7132478152744551, "wct": 0.1800806193447272, "rp": 246.56175654314734}, "pipe": {"tubing": {"d": 0.09157538310229728, "md": 1400, "roughness": 0.0009404575479405674}, "casing": {"d": 0.1454790279149471, "roughness": 0.0002970278583566949}}, "inclinometry": {"md": [0, 1400, 1859.5112587053302, 1900.7748964492441, 1986.373489370901, 2085.769123229097, 2087.075100313534, 2179.849428777989], "tvd": [0, 1300, 1629.4894283561548, 1660.8283966692575, 1715.8960337890492, 1740.3855714248048, 1741.3076925428702, 1787.5000781538556]}, "temperature": {"t_res": 82.45461117485627, "temp_grad": 2.9825804713510404}, "reservoir": {"md_vdp": 2179.849428777989, "p_res": 211.0468580933834, "pi": 1.3086920478257136}, "regime": {"p_wh": 18.21846588460558}}