{"fluid": {"gamma_oil": 0.880512957822112, "gamma_water": 1.0415558008525434, "gamma_gas": 0.603336851599947, "wct": 0.30868593346296413, "rp": 150.14293905051196}, "pipe": {"tubing": {"d": 0.08280453631727079, "md": 1400, "roughness": 0.0007236070115196658}, "casing": {"d": 0.10676438493839395, "roughness": 0.000824183096529309}}, "inclinometry": {"md": [0, 1400, 1840.566024011333, 1934.7482513137466, 1981.3771438681085, 2054.666585070985, 2150.472191060021, 2167.9863278818825], "tvd": [0, 1300, 1643.4813077852289, 1713.4185868987904, 1744.606035826148, 1815.9737026716978, 1910.4499881820357, 1912.1133158246546]}, "temperature": {"t_res": 68.9528138201403, "temp_grad": 2.8867351636970344}, "reservoir": {"md_vdp": 2167.9863278818825, "p_res": 209.89830620795723, "pi": 1.3318853224119258}, "regime": {"p_wh": 18.348422817915}}