{"fluid": {"gamma_oil": 0.851724456241123, "gamma_water": 1.0502998368310799, "gamma_gas": 0.7304998513017404, "wct": 0.2720726926929928, "rp": 294.6164789804204}, "pipe": {"tubing": {"d": 0.08921736121695023, "md": 1400, "roughness": 0.00045733210160047854}, "casing": {"d": 0.11818220557958338, "roughness": 0.0006044111356378995}}, "inclinometry": {"md": [0, 1400, 1850.0098193139966, 1942.7396915429672, 2002.404007300809, 2055.9257655594815, 2062.591682402726, 2126.704108334986], "tvd": [0, 1300, 1576.9299136601012, 1635.5589137764491, 1648.3012952980816, 1686.4388932333995, 1689.4105356982857, 1728.5095221986921]}, "temperature": {"t_res": 65.03439498049232, "temp_grad": 2.720873261686019}, "reservoir": {"md_vdp": 2126.704108334986, "p_res": 205.90147843835393, "pi": 0.5870919774794668}, "regime": {"p_wh": 27.099308518811014}}