{"fluid": {"gamma_oil": 0.8384426106276751, "gamma_water": 1.0082592103842374, "gamma_gas": 0.6213795425564086, "wct": 0.10149678045147584, "rp": 128.00570246868205}, "pipe": {"tubing": {"d": 0.08847085135529541, "md": 1400, "roughness": 0.0007512771285180254}, "casing": {"d": 0.10954373105480357, "roughness": 0.0003866576833414187}}, "inclinometry": {"md": [0, 1400, 1837.8639441471669, 1897.860642148579, 1979.628758377787, 2031.4027243448386, 2074.1061018522855, 2087.2478435157595], "tvd": [0, 1300, 1611.4106960044446, 1627.2894824618293, 1641.8476868779542, 1676.0728568635625, 1711.822315836336, 1716.2006850259984]}, "temperature": {"t_res": 70.37059783303857, "temp_grad": 2.3001121159232483}, "reservoir": {"md_vdp": 2087.2478435157595, "p_res": 202.08143444253244, "pi": 1.3065199831356165}, "regime": {"p_wh": 25.20931436784529}}