{"fluid": {"gamma_oil": 0.8733967988155479, "gamma_water": 1.0504991019845598, "gamma_gas": 0.60463225683796, "wct": 0.2134104052083079, "rp": 229.5866569661999}, "pipe": {"tubing": {"d": 0.0789098089367262, "md": 1400, "roughness": 0.0009599099504740787}, "casing": {"d": 0.12040462475542393, "roughness": 0.000645274719752624}}, "inclinometry": {"md": [0, 1400, 1911.5671365907308, 1984.9863244376047, 2008.4044622362483, 2087.1740211400843, 2099.561288022308, 2194.3460984190774], "tvd": [0, 1300, 1868.2630428980074, 1871.1777475801082, 1885.0732040953487, 1890.1713609941994, 1899.3839655957695, 1961.5703843079766]}, "temperature": {"t_res": 72.55737705574563, "temp_grad": 2.810848550406854}, "reservoir": {"md_vdp": 2194.3460984190774, "p_res": 212.4503846581905, "pi": 1.1614112214533083}, "regime": {"p_wh": 25.464228971160242}}