{
    "q_liq": [
        10,
        20,
        30,
        40,
        50,
        60,
        70,
        80,
        90,
        100,
        110,
        120,
        130,
        140,
        150,
        160,
        170,
        180,
        190,
        200,
        210,
        220,
        230,
        240,
        250,
        260,
        270,
        280,
        290,
        300,
        310,
        320,
        330,
        340,
        350,
        360,
        370,
        380,
        390
    ],
    "p_wf": [
        258.81527162011025,
        258.78115760983934,
        258.72226748540123,
        258.65128744120653,
        258.563156275223,
        258.45789168627397,
        258.33559235528804,
        258.1963284183139,
        258.04015180883397,
        257.8671025809954,
        257.6772126629785,
        257.47050820653885,
        257.2470111260263,
        257.0067401448265,
        256.7497115294036,
        256.47593961798515,
        256.1854372101099,
        255.87821585935006,
        255.55428609712922,
        255.21365760647774,
        254.85633935877362,
        254.48233972266812,
        254.09166655179325,
        253.68432725610074,
        253.26032886038954,
        252.81967805271026,
        252.36238122471062,
        251.88844450545884,
        251.39787379000174,
        250.89067476358335,
        250.36685292230968,
        249.82641359084246,
        249.26936193762614,
        248.69570298803038,
        248.10544163574042,
        247.49858265264737,
        246.87513069746447,
        246.23509032325606,
        245.57846598401522
    ]
}