{
    "t1": {
        "pwf": 141.62999492254107
    },
    "t2": {
        "q_inj": 65789.47368421052,
        "q_liq": 90.4254413096101
    }
}