{
    "t1": {
        "pwf": 17.566009391078058
    },
    "t2": {
        "q_inj": 30000,
        "q_liq": 171.70739357109352
    }
}