{
    "t1": {
        "pwf": 24.492986034576774
    },
    "t2": {
        "q_inj": 80000,
        "q_liq": 155.75996198493195
    }
}