{"t1": {"pwf": 158.12732352984597}, "t2": {"q_inj": 85000, "q_liq": 66.6411531060521}}