{"q_liq": [1, 10, 20, 30, 40, 50, 60, 70, 80, 90, 100, 110, 120, 130, 140, 150, 160, 170, 180, 190, 200, 210, 220, 230, 240, 250, 260, 270, 280, 290, 300, 310, 320, 330, 340, 350, 360, 370, 380, 390, 400], "p_wf": [323.531084717039, 323.5298888512517, 323.52544639380284, 323.51918026864837, 323.5107437528139, 323.5001501717373, 323.48740963300423, 323.4725285358747, 323.45551125986765, 323.436360975268, 323.41508007588044, 323.3916704295739, 323.3661335326551, 323.33847060983027, 323.3086826815859, 323.2767706111792, 323.24273513834453, 323.20657690407234, 323.16829646921553, 323.1278943287225, 323.08537092268796, 323.04072664509187, 322.9939618507656, 322.94507686102827, 322.8940719682945, 322.840947439873, 322.78570352112433, 322.7283404381179, 322.66885839986696, 322.60725760023513, 322.54353821957346, 322.47770042611603, 322.4097443772043, 322.3396702203407, 322.267478094113, 322.1931681290106, 322.1167404481326, 322.0381951678331, 321.95753239827303, 321.8747522439224, 321.78985480402105]}