{"q_liq": [1, 2, 3, 4, 5, 6, 7, 8, 9, 10, 11, 12, 13, 14, 15, 16, 17, 18, 19, 20, 21, 22, 23, 24, 25, 26, 27, 28, 29, 30, 31, 32, 33, 34, 35, 36, 37, 38, 39, 40, 41, 42, 43, 44, 45, 46, 47, 48, 49, 50, 51, 52, 53, 54, 55, 56, 57, 58, 59, 60, 61, 62, 63, 64, 65, 66, 67, 68, 69, 70, 71, 72, 73, 74, 75, 76, 77, 78, 79, 80, 81, 82, 83, 84, 85, 86, 87, 88, 89, 90, 91, 92, 93, 94, 95, 96, 97, 98, 99, 100, 101, 102, 103, 104, 105, 106, 107, 108, 109, 110, 111, 112, 113, 114, 115, 116, 117, 118, 119, 120, 121, 122, 123, 124, 125, 126, 127, 128, 129, 130, 131, 132, 133, 134, 135, 136, 137, 138, 139, 140, 141, 142, 143, 144, 145, 146, 147, 148, 149, 150, 151, 152, 153, 154, 155, 156, 157, 158, 159, 160, 161, 162, 163, 164, 165, 166, 167, 168, 169, 170, 171, 172, 173, 174, 175, 176, 177, 178, 179, 180, 181, 182, 183, 184, 185, 186, 187, 188, 189, 190, 191, 192, 193, 194, 195, 196, 197, 198, 199, 200, 201, 202, 203, 204, 205, 206, 207, 208, 209, 210, 211, 212, 213, 214, 215, 216, 217, 218, 219, 220, 221, 222, 223, 224, 225, 226, 227, 228, 229, 230, 231, 232, 233, 234, 235, 236, 237, 238, 239, 240, 241, 242, 243, 244, 245, 246, 247, 248, 249, 250, 251, 252, 253, 254, 255, 256, 257, 258, 259, 260, 261, 262, 263, 264, 265, 266, 267, 268, 269, 270, 271, 272, 273, 274, 275, 276, 277, 278, 279, 280, 281, 282, 283, 284, 285, 286, 287, 288, 289, 290, 291, 292, 293, 294, 295, 296, 297, 298, 299, 300, 301, 302, 303, 304, 305, 306, 307, 308, 309, 310, 311, 312, 313, 314, 315, 316, 317, 318, 319, 320, 321, 322, 323, 324, 325, 326, 327, 328, 329, 330, 331, 332, 333, 334, 335, 336, 337, 338, 339, 340, 341, 342, 343, 344, 345, 346, 347, 348, 349, 350, 351, 352, 353, 354, 355, 356, 357, 358, 359, 360, 361, 362, 363, 364, 365, 366, 367, 368, 369, 370, 371, 372, 373, 374, 375, 376, 377, 378, 379, 380, 381, 382, 383, 384, 385, 386, 387, 388, 389, 390, 391, 392, 393, 394, 395, 396, 397, 398, 399, 400], "p_wf": [410.7907527359267, 410.7905826102923, 410.7904124846779, 410.7902422393064, 410.7900274146531, 410.7896236019854, 410.78905118620094, 410.7883554252639, 410.78759585740613, 410.78675878858974, 410.7858222474927, 410.7848379968163, 410.7838284947827, 410.78278953667996, 410.78170719060597, 410.780570595648, 410.77937504632706, 410.7781190244072, 410.77680213895354, 410.7754243582677, 410.77398576078195, 410.7724864548903, 410.7709265527456, 410.7693061618004, 410.7676253823827, 410.76588430735916, 410.76408302250695, 410.76222160709204, 410.7603001344792, 410.75831867270296, 410.75627728498773, 410.754176030209, 410.75201496330334, 410.7497941356316, 410.74751359529984, 410.7451733874449, 410.7427735544885, 410.74031413636374, 410.73779517071864, 410.73521669309775, 410.73257873710565, 410.72988133455505, 410.72712451560005, 410.7243083088572, 410.72143274151483, 410.7184978394331, 410.71550362723514, 410.7124501283897, 410.7093373652877, 410.706165359311, 410.7029341308975, 410.69964369959916, 410.69629408413607, 410.6928853024469, 410.6894173717345, 410.6858903085091, 410.6823041286273, 410.67865884732936, 410.67495447927195, 410.6711910385614, 410.6673685387822, 410.6634869930247, 410.65954641391016, 410.6555468136156, 410.6514882038955, 410.6473705961026, 410.6431940012082, 410.63895842981987, 410.63466389219883, 410.63031039827627, 410.6258979576683, 410.621426579691, 410.61689627337245, 410.6123070474676, 410.6076589104677, 410.6029518706139, 410.5981859359066, 410.5933611141158, 410.58847741279106, 410.58353483927016, 410.5785334006877, 410.5734731039837, 410.56835395591014, 410.5631759630399, 410.55793913177223, 410.55264346834053, 410.54728897881756, 410.54187566912225, 410.5364035450249, 410.5308726121528, 410.52528287599563, 410.5196343419096, 410.51392701512293, 410.50816090074017, 410.5023360037458, 410.49645232900946, 410.490509881289, 410.4845086652346, 410.4784486853918, 410.4723299462059, 410.4661524520243, 410.4599162070998, 410.4536212155946, 410.44726748158143, 410.4408550090479, 410.43438380189826, 410.42785386395633, 410.42126519896783, 410.41461781060235, 410.40791170245654, 410.4011468780554, 410.39432334085467, 410.38744109424283, 410.3805001415433, 410.37350048601564, 410.36644213085805, 410.3593250792087, 410.35214933414727, 410.34491489869737, 410.33762177582673, 410.33026996844984, 410.32285947942904, 410.31539031157564, 410.30786246765143, 410.30027595037024, 410.29263076239886, 410.28492690635835, 410.2771643848251, 410.2693432003322, 410.2614633553703, 410.25352485238875, 410.2455276937967, 410.23747188196415, 410.22935741922214, 410.2211843078652, 410.21295255015053, 410.2046621483004, 410.1963131045016, 410.18790542090744, 410.17943909963765, 410.1709141427799, 410.16233055238996, 410.1536883304926, 410.1449874790825, 410.13622800012445, 410.1274098955545, 410.1185331672804, 410.1095978171823, 410.1006038471131, 410.09155125889936, 410.08244005434153, 410.07327023521486, 410.06404180326996, 410.05475476023264, 410.04540910780537, 410.03600484766696, 410.0265419814738, 410.0170205108595, 410.0074404374361, 409.9978017627941, 409.98810448850287, 409.9783486161112, 409.9685341471478, 409.9586610831215, 409.9487294255216, 409.93873917581885, 409.9286903354645, 409.9185829058925, 409.90841688851793, 409.89819228473874, 409.8879090959355, 409.8775673234721, 409.8671669686952, 409.8567080329354, 409.8461905175076, 409.8356144237104, 409.82497975282735, 409.8142865061268, 409.8035346848619, 409.79272429027145, 409.78185532357963, 409.77092778599706, 409.75994167871966, 409.7488970029302, 409.73779375979836, 409.7266319504799, 409.7154115761182, 409.7041326378436, 409.69279513677435, 409.6813990740161, 409.66994445066257, 409.65843126779527, 409.6468595264845, 409.6352292277887, 409.6235403727554, 409.6117929624204, 409.5999869978094, 409.58812247993654, 409.57619940980584, 409.5642177884109, 409.5521776167347, 409.5400788957505, 409.5279216264217, 409.51570580970133, 409.50343144653374, 409.49109853785285, 409.4787070845839, 409.46625708764276, 409.45374854793613, 409.441181466362, 409.42855584380965, 409.41587168115916, 409.4031289792829, 409.3903277390444, 409.37746796129875, 409.3645496468937, 409.351572796668, 409.3385374114529, 409.3254434920725, 409.312291039342, 409.29908005407026, 409.2858105370576, 409.27248248909785, 409.25909591097707, 409.24565080347463, 409.2321471673623, 409.21858500340545, 409.20496431236234, 409.19128509498444, 409.1775473520165, 409.1637510841972, 409.14989629225823, 409.135982976925, 409.1220111389167, 409.1079807789464, 409.0938918977208, 409.07974449594064, 409.06553857430083, 409.0512741334903, 409.0369511741922, 409.0225696970839, 409.00812970283675, 408.9936311921174, 408.97907416558627, 408.9644586238985, 408.949784567704, 408.9350519976472, 408.92026091436736, 408.90541131849847, 408.89050321066975, 408.875536591505, 408.8605114616233, 408.8454278216387, 408.8302856721603, 408.8150850137926, 408.7998258471353, 408.7845081727835, 408.76913199132724, 408.75369730335274, 408.7382041094412, 408.7226524101695, 408.7070422061101, 408.6913734978311, 408.6756462858963, 408.6598605708654, 408.64401635329386, 408.6281136337327, 408.61215241272924, 408.59613269082644, 408.5800544685637, 408.5639177464758, 408.54772252509434, 408.53146880494677, 408.51515658655626, 408.4987858704429, 408.4823566571226, 408.4658689471079, 408.4493227409074, 408.43271803902627, 408.4160548419662, 408.39933315022506, 408.38255296429736, 408.3657142846746, 408.34881711184386, 408.33186144628985, 408.31484728849335, 408.2977746389324, 408.28064349808113, 408.2634538664107, 408.2462057443893, 408.2288991324815, 408.2115340311494, 408.1941104408513, 408.17662836204306, 408.159087795177, 408.14148874070275, 408.1238311990668, 408.1061151707131, 408.088340656082, 408.07050765561166, 408.0526161697372, 408.0346661988907, 408.0166577435016, 407.9985908039966, 407.9804653807999, 407.9622814743324, 407.94403908501306, 407.9257382132578, 407.9073788594798, 407.88896102408995, 407.87048470749653, 407.8519499101049, 407.8333566323186, 