{"gamma_water": 0.9682144977316095, "md_vdp": 3108.4470210635855, "d_tub": 0.7165695022899864, "angle": 57.10740012866255, "roughness": 0.00023171918397791913, "p_wh": 107.8279891334643, "t_wh": 25.85166313037699, "temp_grad": 2.8515978907622466}