{"gamma_water": 1.0030655706665728, "md_vdp": 2987.2638340828717, "d_tub": 0.74383320381963, "angle": 42.63961917108338, "roughness": 0.0004726757135602412, "p_wh": 111.65255407461795, "t_wh": 29.42430636597554, "temp_grad": 2.9318157318592175}