{"gamma_water": 1.062526967564359, "md_vdp": 3069.031602790766, "d_tub": 0.9372811946475332, "angle": 44.18444554104079, "roughness": 0.000344912781106524, "p_wh": 137.87854799014883, "t_wh": 24.998629892451696, "temp_grad": 2.582210918987524}