{"gamma_water": 1.0271127496026295, "md_vdp": 2318.489982077528, "d_tub": 0.8867764629220675, "angle": 78.2681223456151, "roughness": 0.00013240398355116376, "p_wh": 162.9250155620429, "t_wh": 30.862272159992294, "temp_grad": 2.3828551398256717}