{"gamma_water": 0.989393131903545, "md_vdp": 1877.6099617545694, "d_tub": 0.8858679671788922, "angle": 60.08369281872365, "roughness": 0.0002760774733409047, "p_wh": 138.56170682502562, "t_wh": 22.624851212614885, "temp_grad": 2.5319428812981553}