{"gamma_water": 1.0531826688400516, "md_vdp": 2795.4461926851586, "d_tub": 0.6292958170855484, "angle": 48.26556535739659, "roughness": 0.00023828101188969189, "p_wh": 151.89057740712013, "t_wh": 26.056301710698456, "temp_grad": 2.211303276181458}