{"gamma_water": 0.9831134937778491, "md_vdp": 1968.3435870095486, "d_tub": 0.782028447608204, "angle": 61.853951649505646, "roughness": 0.0001835591337131371, "p_wh": 101.51211935114334, "t_wh": 28.127808420802424, "temp_grad": 2.3743270243414}