{"gamma_water": 0.9652453330937546, "md_vdp": 2670.8268530698397, "d_tub": 0.6424124457102854, "angle": 72.74850846314943, "roughness": 0.00038259255958035955, "p_wh": 133.43101822178284, "t_wh": 29.43044654854976, "temp_grad": 2.346037378493218}