{"gamma_water": 0.9965247625766546, "md_vdp": 1911.3206553402101, "d_tub": 0.7006117731718726, "angle": 46.568904946885056, "roughness": 0.0003374353308170335, "p_wh": 125.88287048053587, "t_wh": 26.681544470002766, "temp_grad": 2.6196529001718787}