{"gamma_water": 1.0604400474254554, "md_vdp": 1909.332223436274, "d_tub": 0.6802749688538052, "angle": 89.06515831031956, "roughness": 0.0008495860489901275, "p_wh": 124.12780969666298, "t_wh": 22.765622516901402, "temp_grad": 2.136306005135857}