{"gamma_water": 0.9670655405969304, "md_vdp": 3108.655097489306, "d_tub": 0.8070035239653088, "angle": 73.47350663286588, "roughness": 0.000419233917253092, "p_wh": 129.0520347481491, "t_wh": 29.140465006662275, "temp_grad": 2.530292076432445}