{"gamma_water": 1.0400513516098404, "md_vdp": 2707.530224017783, "d_tub": 0.8824305707872464, "angle": 81.24040725838077, "roughness": 0.00013085138087080397, "p_wh": 162.39879231244015, "t_wh": 27.003312846922963, "temp_grad": 2.7528767138641657}