{"gamma_water": 1.0036332406799027, "md_vdp": 3092.021037415024, "d_tub": 0.7094130989679905, "angle": 60.323823675150365, "roughness": 0.0008587914996524372, "p_wh": 111.77144030886213, "t_wh": 20.346320742542943, "temp_grad": 2.7989289724278956}