{"gamma_water": 1.0759430616043397, "md_vdp": 2315.1166329433127, "d_tub": 0.7146098212108373, "angle": 78.44220144300593, "roughness": 0.0005582793890885705, "p_wh": 128.0939771323184, "t_wh": 34.21307849878043, "temp_grad": 2.4638823615409384}