{"gamma_water": 1.0672352836328163, "md_vdp": 2974.392747613636, "d_tub": 0.7101909130353974, "angle": 66.28971270903678, "roughness": 0.0004940329993376822, "p_wh": 142.66202962564608, "t_wh": 27.96826956816938, "temp_grad": 2.2992578449261414}