{"gamma_water": 1.0746672073304406, "md_vdp": 2419.667547699303, "d_tub": 0.8101004465661968, "angle": 79.82732137170788, "roughness": 0.00021218618314091867, "p_wh": 139.2678862002819, "t_wh": 22.256014117213162, "temp_grad": 2.418957254608482}