{"gamma_water": 1.0556564898653336, "md_vdp": 1871.1766864570102, "d_tub": 0.8390375128718346, "angle": 51.403638131112274, "roughness": 0.00038765046986514664, "p_wh": 154.06080032361325, "t_wh": 24.192313832038458, "temp_grad": 2.0657705999432476}