{"gamma_water": 1.072885825871116, "md_vdp": 3046.3081716273327, "d_tub": 0.6493449651456312, "angle": 59.603206624504125, "roughness": 0.000443576838834068, "p_wh": 163.6396895652831, "t_wh": 33.87011253233174, "temp_grad": 2.0698665291804277}