{"gamma_water": 1.051335195601004, "md_vdp": 3039.187950560042, "d_tub": 0.8238636257424214, "angle": 56.8531526670004, "roughness": 0.0005239809355760531, "p_wh": 162.25483127203776, "t_wh": 31.242276359683466, "temp_grad": 2.6101485472727397}