{"gamma_water": 0.9762219934196266, "md_vdp": 3141.989356971033, "d_tub": 0.6533670848060494, "angle": 79.91059249295185, "roughness": 0.0005211824667219887, "p_wh": 157.92595742791173, "t_wh": 33.855263713629284, "temp_grad": 2.0278104889304007}