{"gamma_water": 0.972424257781238, "md_vdp": 2059.3225297309596, "d_tub": 0.9283511362823069, "angle": 53.51716732816033, "roughness": 0.0006380881449616297, "p_wh": 165.52601783062093, "t_wh": 24.910063604769036, "temp_grad": 2.564947776458188}