{"gamma_water": 1.073703709886739, "md_vdp": 1840.1611267592368, "d_tub": 0.7090067259537228, "angle": 53.13546923370144, "roughness": 0.0009537566371414853, "p_wh": 145.80208506647713, "t_wh": 26.690167497164197, "temp_grad": 2.8250349969229145}