{"gamma_water": 1.0457861574320304, "md_vdp": 2848.5447220188753, "d_tub": 0.7616023460431925, "angle": 49.52345795513844, "roughness": 0.0003482965453218805, "p_wh": 127.68892792919914, "t_wh": 29.67082143826795, "temp_grad": 2.990239384165312}