{"q_liq": [0.0, 10.256410256410257, 20.512820512820515, 30.769230769230774, 41.02564102564103, 51.282051282051285, 61.53846153846155, 71.7948717948718, 82.05128205128206, 92.30769230769232, 102.56410256410257, 112.82051282051283, 123.0769230769231, 133.33333333333334, 143.5897435897436, 153.84615384615387, 164.10256410256412, 174.35897435897436, 184.61538461538464, 194.8717948717949, 205.12820512820514, 215.38461538461542, 225.64102564102566, 235.8974358974359, 246.1538461538462, 256.4102564102564, 266.6666666666667, 276.92307692307696, 287.1794871794872, 297.43589743589746, 307.69230769230774, 317.94871794871796, 328.20512820512823, 338.4615384615385, 348.71794871794873, 358.974358974359, 369.2307692307693, 379.4871794871795, 389.7435897435898, 400.0], "p_wf": [343.42275390814814, 343.4281446268185, 343.4436211066732, 343.46646735925066, 343.4972242116825, 343.53581745982433, 343.5822053646518, 343.63636148076955, 343.6982677226102, 343.7679110252174, 343.84528155238695, 343.930371655811, 344.02317523241413, 344.1236873077778, 344.2319037551623, 344.34782109960315, 344.4714363774316, 344.6027470330788, 344.7417508416665, 344.88844584986356, 345.0428303299618, 345.20490274369615, 345.3746617133728, 345.5521059985585, 345.7372344770607, 345.930046129261, 346.13054002509364, 346.33871531314134, 346.5545712114298, 346.7781069996091, 347.0093220122675, 347.24821563318244, 347.49478729034837, 347.7490364516563, 348.01096262112134, 348.2805653355739, 348.55784416174527, 348.8427986936916, 349.135428550507, 349.43573337428774]}