{"q_liq": [0.0, 10.0, 20.0, 30.0, 40.0, 50.0, 60.0, 70.0, 80.0, 90.0, 100.0, 110.0, 120.0, 130.0, 140.0, 150.0, 160.0, 170.0, 180.0, 190.0, 200.0, 210.0, 220.0, 230.0, 240.0, 250.0, 260.0, 270.0, 280.0, 290.0, 300.0, 310.0, 320.0, 330.0, 340.0, 350.0, 360.0, 370.0, 380.0, 390.0, 400.0], "p_wf": [343.42275390814814, 343.4177129286492, 343.4028190977203, 343.3810297737133, 343.3517132815072, 343.31494240896114, 343.27075809927476, 343.2191863380819, 343.16024492536155, 343.09394674142237, 343.02030150133584, 342.9393167748344, 342.85099861637724, 342.7553519737138, 342.65238096352283, 342.5420890636198, 342.42447925079523, 342.2995541020677, 342.16731587063197, 342.02776654387975, 341.88090788844625, 341.7267414856924, 341.56526876001493, 341.39649100169873, 341.22040938555824, 341.0370249862896, 340.84633879122606, 340.6483517110192, 340.44306458865094, 340.2304782070876, 340.01059329582364, 339.78341053650536, 339.5489305677946, 339.30715398959296, 339.0580813667296, 338.80171323219463, 338.53805008998614, 338.26709241762666, 337.98884066839497, 337.703295273314, 337.4104566429253]}