{
	"q_liq": [
		0,
		10,
		20,
		30,
		40,
		50,
		60,
		70,
		80,
		90,
		100,
		110,
		120,
		130,
		140,
		150,
		160,
		170,
		180,
		190,
		200,
		210,
		220,
		230,
		240,
		250,
		260,
		270,
		280,
		290,
		300,
		310,
		320,
		330,
		340,
		350,
		360,
		370,
		380,
		390
	],
	"p_wf": [
		363.8016842431311,
		363.7853465458838,
		363.73929378771624,
		363.6712048984531,
		363.58013772325273,
		363.46638638406273,
		363.33012018361904,
		363.1714476512878,
		362.9904435776283,
		362.7871622784875,
		362.5616448106495,
		362.3139232060019,
		362.04402310556225,
		361.75196547627377,
		361.4377677735337,
		361.1014447539449,
		360.7430090591456,
		360.3624716451049,
		359.9598421042664,
		359.53512891164195,
		359.08833961579586,
		358.61948098917554,
		358.12855914794085,
		357.6155796485821,
		357.0805475666309,
		356.52346756138894,
		355.9443439296258,
		355.3431806504711,
		354.7199814232238,
		354.07474969941256,
		353.40748871014665,
		352.71820148958756,
		352.00689089520256,
		351.2735596253226,
		350.51821023443944,
		349.74084514659353,
		348.9414666671351,
		348.1200769930983,
		347.276678222386,
		346.41127236192654
	]
}