{"q": [1, 10, 20, 30, 40, 50, 60, 70, 80, 90, 100, 110, 120, 130, 140, 150, 160, 170, 180, 190, 200, 210, 220, 230, 240, 250, 260, 270, 280, 290, 300, 310, 320, 330, 340, 350, 360, 370, 380, 390, 400], "p_wf": [360.66540272208454, 360.6634719689947, 360.65768053523595, 360.6492532738076, 360.63798557105946, 360.62391372818104, 360.6070592457948, 360.58743595449755, 360.5650534048313, 360.5399185387093, 360.51203660251747, 360.48141168496227, 360.4480470527985, 360.4119453703031, 360.3731088482881, 360.3315393485179, 360.28723845886975, 360.2402075486981, 360.1904478104442, 360.1379602914657, 360.0827459187683, 360.024805518492, 359.9641398314592, 359.900749525721, 359.83463520678384, 359.7657974260284, 359.6942366876936, 359.61995345472155, 359.5429481536816, 359.46322117894806, 359.3807728962653, 359.29560364580954, 359.20771374483, 359.1171034899427, 359.0237731591273, 358.92772301347634, 358.8289532987333, 358.7274642466498, 358.623256076186, 358.5163289945823, 358.4066831983086]}