{
    "q_liq": [
        1,
        10,
        20,
        30,
        40,
        50,
        60,
        70,
        80,
        90,
        100,
        110,
        120,
        130,
        140,
        150,
        160,
        170,
        180,
        190,
        200,
        210,
        220,
        230,
        240,
        250,
        260,
        270,
        280,
        290,
        300,
        310,
        320,
        330,
        340,
        350,
        360,
        370,
        380,
        390,
        400
    ],
    "p_wf": [
        329.1892416682332,
        329.1818920832748,
        329.16241864980685,
        329.13178578822567,
        329.09003723492145,
        329.03722271036196,
        328.9733698004107,
        328.8984959329447,
        328.8126130829572,
        328.71572997758244,
        328.60785325994107,
        328.4889881588415,
        328.3591389003431,
        328.21830897419864,
        328.06650131373635,
        327.9037184216085,
        327.7299624603052,
        327.5452353189376,
        327.3495386635927,
        327.14287397600646,
        326.9252425837615,
        326.6966456842124,
        326.457084363678,
        326.2065596130365,
        325.9450723404989,
        325.67262338220957,
        325.3892135110878,
        325.09484344426954,
        324.789513849429,
        324.4732253501657,
        324.14597853063395,
        323.807773939541,
        323.4586120936233,
        323.0984934806685,
        322.72741856217687,
        322.3453877756974,
        321.9524015368909,
        321.5484602413682,
        321.13356426631657,
        320.70771397195847,
        320.2709097028608
    ]
}