{"gamma_water": 1.0356633086294231, "md_vdp": 2135.3377729050108, "d_tub": 0.7257962989041121, "angle": 43.59607427498018, "roughness": 0.0002666143120795684, "p_wh": 114.64840604982328, "t_wh": 21.019103371864283, "temp_grad": 2.6243255287858576}