{"q_liq": [0.0, 10.256410256410257, 20.512820512820515, 30.769230769230774, 41.02564102564103, 51.282051282051285, 61.53846153846155, 71.7948717948718, 82.05128205128206, 92.30769230769232, 102.56410256410257, 112.82051282051283, 123.0769230769231, 133.33333333333334, 143.5897435897436, 153.84615384615387, 164.10256410256412, 174.35897435897436, 184.61538461538464, 194.8717948717949, 205.12820512820514, 215.38461538461542, 225.64102564102566, 235.8974358974359, 246.1538461538462, 256.4102564102564, 266.6666666666667, 276.92307692307696, 287.1794871794872, 297.43589743589746, 307.69230769230774, 317.94871794871796, 328.20512820512823, 338.4615384615385, 348.71794871794873, 358.974358974359, 369.2307692307693, 379.4871794871795, 389.7435897435898, 400.0], "p_wf": [261.6709468106598, 261.675993684519, 261.691123094913, 261.71273805623025, 261.74157797900125, 261.7775414811447, 261.8205690964754, 261.8706225007446, 261.9276752099671, 261.9917079751041, 262.0627062580393, 262.1406587412113, 262.22555639561034, 262.3173918706482, 262.41615907948244, 262.52185290820984, 262.63446900642543, 262.75400363288463, 262.8804535394774, 263.0138158824604, 263.1540881534786, 263.30126812521604, 263.45535380803454, 263.616343414988, 263.7842353333042, 263.95902810091985, 264.1407203870092, 264.32931097569815, 264.5247987523447, 264.72718269190307, 264.9364618489941, 265.15263534938214, 265.3757023826204, 265.605662195672, 265.84251408735133, 266.0862574034592, 266.3368915325068, 266.5944159019431, 266.8588299748134, 267.13013324679036]}