{"q_liq": [0.0, 10.0, 20.0, 30.0, 40.0, 50.0, 60.0, 70.0, 80.0, 90.0, 100.0, 110.0, 120.0, 130.0, 140.0, 150.0, 160.0, 170.0, 180.0, 190.0, 200.0, 210.0, 220.0, 230.0, 240.0, 250.0, 260.0, 270.0, 280.0, 290.0, 300.0, 310.0, 320.0, 330.0, 340.0, 350.0, 360.0, 370.0, 380.0, 390.0, 400.0], "p_wf": [261.6709468106598, 261.66614302569155, 261.65165917627985, 261.63102918609223, 261.6035219879987, 261.5692359684286, 261.5282293097665, 261.4805395843547, 261.4261928035541, 261.3652079060368, 261.2975992210702, 261.2233779246509, 261.1425529509304, 261.05513158931876, 260.9611198905529, 260.8605229516056, 260.7533451209601, 260.6395901499243, 260.51926130641067, 260.3923614620023, 260.2588931596166, 260.11885866682366, 259.9722600183871, 259.8190990505877, 259.65937742920227, 259.49309667252294, 259.320258170458, 259.14086320050626, 258.9549129412129, 258.76240848358026, 258.56335084080393, 258.3577409566287, 258.14557971255806, 257.9268679341053, 257.701606396241, 257.4697958281589, 257.23143691746424, 256.98653031386874, 256.7350766324619, 256.4770764566177, 256.21253034058526]}