{
    "t1": {
        "pwf": 160.04546823289868
    },
    "t2": {
        "q_inj": 78947.36842105263,
        "q_liq": 96.70353988064745
    }
}
