{
    "fluid": { "gamma_oil": 0.8496654276144451, "gamma_water": 1.0344443240915118, "gamma_gas": 0.7860337387160747, "wct": 0.3604646650454969, "rp": 116.6910966517478 },
    "pipe": {
        "tubing": { "d": 0.08337503351541865, "md": 1400, "roughness": 0.00016941969098749446 },
        "casing": { "d": 0.14217214518405868, "roughness": 0.000824420738494645 }
    },
    "inclinometry": {
        "md": [0, 1400, 1813.345689867513, 1905.803525201872, 1958.7627935830737, 1961.9733422512163, 2014.0905806291844, 2029.5214499066517],
        "tvd": [0, 1400, 1793.6726671450474, 1846.8855416028844, 1878.0537314113758, 1878.3859405063195, 1891.5647511543857, 1900.5441434826198]
    },
    "temperature": {
        "t_res": 68.84495244618392,
        "temp_grad": 2.906834630669461
    },
    "reservoir": {
        "md_vdp": 2029.5214499066517,
        "p_res": 196.49252823670616,
        "pi": 1.0829640102348699
    },
    "regime": { "p_wh": 26.94774722979696 }
}