{
    "t1": {
        "pwf": 176.2912569335808
    },
    "t2": {
        "q_inj": 95000,
        "q_liq": 109.20976090227133
    }
}