{
"gamma_water": 1.015022086099427,
"md_vdp": 2045.7024924570683,
"d_tub": 0.06817241750132279,
"angle": 42.47087936702616,
"roughness": 0.000948588391047938,
"p_wh": 100.5204004287681,
"t_wh": 34.49431323392067,
"temp_grad": 2.7170909126168024
}