{
	"q_liq": [
		1e-06,
		10.25641123076923,
		20.51282146153846,
		30.76923169230769,
		41.02564192307692,
		51.28205215384615,
		61.53846238461538,
		71.7948726153846,
		82.05128284615384,
		92.30769307692307,
		102.5641033076923,
		112.82051353846153,
		123.07692376923076,
		133.33333399999998,
		143.5897442307692,
		153.84615446153845,
		164.10256469230768,
		174.35897492307691,
		184.61538515384615,
		194.87179538461538,
		205.12820561538462,
		215.38461584615382,
		225.64102607692305,
		235.8974363076923,
		246.15384653846152,
		256.4102567692307,
		266.66666699999996,
		276.9230772307692,
		287.17948746153843,
		297.43589769230766,
		307.6923079230769,
		317.94871815384613,
		328.20512838461536,
		338.4615386153846,
		348.71794884615383,
		358.97435907692307,
		369.2307693076923,
		379.48717953846153,
		389.74358976923077,
		400.0
	],
	"p_wf": [
		235.5153848592576,
		235.50701909771124,
		235.48380120150293,
		235.4472674161596,
		235.39710373863332,
		235.3333424830012,
		235.25600188267862,
		235.16509367721738,
		235.0606260803961,
		234.94260517687042,
		234.8110356657986,
		234.6659212933288,
		234.5072651214186,
		234.33506970382552,
		234.14933720622346,
		233.9500694910394,
		233.73726817910853,
		233.51093469557983,
		233.2710703048148,
		233.0176761374031,
		232.75075321140733,
		232.47030244930758,
		232.17632469168126,
		231.8688207083754,
		231.5477912077195,
		231.2132368441949,
		230.86515822486848,
		230.50355591483464,
		230.12843044184726,
		229.7397823002894,
		229.33761195459329,
		228.9219198422062,
		228.49270637617164,
		228.04997194738823,
		227.5937169265969,
		227.12394166613217,
		226.64064650147515,
		226.14383175263444,
		225.63349772537612,
		225.10964471232782
	]
}