{
    "t1": {
        "pwf": 102.0827795707574
    },
    "t2": {
        "q_inj": 65500,
        "q_liq": 149.41731234820915
    }
}