{"fluid": {"gamma_oil": 0.8660624212808721, "gamma_water": 1.0334146431108393, "gamma_gas": 0.6856059950517805, "wct": 0.028429724681605206, "rp": 215.43060547371113}, "pipe": {"tubing": {"d": 0.087295579808087, "md": 1400, "roughness": 0.0006811905039897034}, "casing": {"d": 0.12625271168818492, "roughness": 0.0009089314598496686}}, "inclinometry": {"md": [0, 1400, 1801.7392554851494, 1886.2380267526196, 1930.2348241751818, 2007.6357024530766, 2013.2496980854785, 2018.6989101012225], "tvd": [0, 1400, 1758.8459794748528, 1788.8550127715275, 1812.3155866847583, 1871.6177324592693, 1872.3315400964764, 1877.534021882005]}, "temperature": {"t_res": 74.42584065439506, "temp_grad": 2.0451083124969767}, "reservoir": {"md_vdp": 2018.6989101012225, "p_res": 195.44472053385633, "pi": 1.2561976956901326}, "regime": {"p_wh": 29.890284007930426}}