{"t1": {"pwf": 126.97582264840123}, "t2": {"q_inj": 64031, "q_liq": 113.50501755247289}}