{
    "t1": {
        "pwf": 123.95272661438467
    },
    "t2": {
        "q_inj": 95000,
        "q_liq": 99.92062576871287
    }
}