{"t1": {"pwf": 126.97582264840123}, "t2": {"q_inj": 64040, "q_liq": 113.50425993198866}}