{
    "q_liq": [
        10,
        20,
        30,
        40,
        50,
        60,
        70,
        80,
        90,
        100,
        110,
        120,
        130,
        140,
        150,
        160,
        170,
        180,
        190,
        200,
        210,
        220,
        230,
        240,
        250,
        260,
        270,
        280,
        290,
        300,
        310,
        320,
        330,
        340,
        350,
        360,
        370,
        380,
        390
    ],
    "p_wf": [
        206.8433520633507,
        206.8218458815594,
        206.79309483706484,
        206.75507165226153,
        206.70759974178347,
        206.65074466601976,
        206.58454888238458,
        206.50904180526882,
        206.42424496346985,
        206.3301747935233,
        206.2268442723889,
        206.11426393011672,
        205.99244250843253,
        205.8613874059771,
        205.72110498921168,
        205.57160081557512,
        205.41287979746446,
        205.24494632524522,
        205.06780436117936,
        204.8814575123148,
        204.68590908783497,
        204.48116214477267,
        204.26721952484843,
        204.0440838844769,
        203.8117577194292,
        203.57024338528242,
        203.31954311449888,
        203.05965903080084,
        202.79059316134376,
        202.51234744708952,
        202.22492375169156,
        201.92832386914887,
        201.62254953042407,
        201.30760240920299,
        200.9834841269074,
        200.65019625709857,
        200.3077403293366,
        199.95611783258886,
        199.59533021824018
    ]
}