{
	"q_liq": [
		1e-05,
		10.25642,
		20.51283,
		30.76924,
		41.025650000000006,
		51.28206000000001,
		61.538470000000004,
		71.79488,
		82.05129000000001,
		92.30770000000001,
		102.56411000000001,
		112.82052000000002,
		123.07693,
		133.33334000000002,
		143.58975,
		153.84616000000003,
		164.10257000000001,
		174.35898,
		184.61539000000002,
		194.8718,
		205.12821000000002,
		215.38462,
		225.64103000000003,
		235.89744000000002,
		246.15385,
		256.41026,
		266.66667,
		276.92307999999997,
		287.17949,
		297.4359,
		307.69231,
		317.94872,
		328.20513,
		338.46154,
		348.71795,
		358.97436,
		369.23077,
		379.48718,
		389.74359,
		400.0
	],
	"p_wf": [
		294.48216310320305,
		294.4806928071819,
		294.4757169626361,
		294.4689330259743,
		294.45995623714924,
		294.4488263566492,
		294.43556876240206,
		294.42020013243325,
		294.40273215646744,
		294.3831734202633,
		294.3615304592563,
		294.3378083911419,
		294.312011316995,
		294.2841425869322,
		294.2542049824417,
		294.2222008453,
		294.1881321710606,
		294.15200067834274,
		294.113807861172,
		294.07355502918364,
		294.0312433389665,
		293.9868738188247,
		293.9404473885767,
		293.8919648755567,
		293.8414270276745,
		293.78883452417256,
		293.734187984557,
		293.67748797607123,
		293.61873501999247,
		293.557929596972,
		293.49507215159144,
		293.43016309627205,
		293.3632028146466,
		293.29419166448264,
		293.2231299802255,
		293.15001807522697,
		293.0748562436971,
		292.997644762429,
		292.91838389232214,
		292.8370738797354
	]
}