{"gamma_water": 1.0511348801388254, "md_vdp": 2932.001314672111, "d_tub": 0.7553834420073154, "angle": 56.147757343822356, "roughness": 0.0006238688585152281, "p_wh": 147.69704496763774, "t_wh": 27.107279875142936, "temp_grad": 2.0185509758792737}