{"q": [1, 10, 20, 30, 40, 50, 60, 70, 80, 90, 100, 110, 120, 130, 140, 150, 160, 170, 180, 190, 200, 210, 220, 230, 240, 250, 260, 270, 280, 290, 300, 310, 320, 330, 340, 350, 360, 370, 380, 390, 400], "p_wf": [397.67893587045455, 397.6728615668797, 397.65520123875643, 397.6281506633048, 397.5913144275059, 397.5447370708169, 397.48844338008973, 397.4224490310239, 397.3467648031092, 397.26139855689195, 397.1663562784886, 397.061642681067, 396.9472615747494, 396.82321610621364, 396.6895089205457, 396.54614227443955, 396.39311811771057, 396.2304381534668, 396.058103883491, 395.8761166431057, 395.6844776284101, 395.48318791785823, 395.27224848958247, 395.05166023546144, 394.82142397266006, 394.5815404531951, 394.33201037191924, 394.0728343732495, 393.80401305687343, 393.5255469826181, 393.2374366746345, 392.9396826250123, 392.6322852969197, 392.3152451273406, 391.9885625294781, 391.6522378948664, 391.3062715952425, 390.95066398420227, 390.5854153986772, 390.2105261602534, 389.82599657635495]}