{"gamma_water": 1.047289787042837, "md_vdp": 3158.211680351782, "d_tub": 0.7055154536383366, "angle": 49.51670335256148, "roughness": 0.0007305648759510555, "p_wh": 138.5552635782035, "t_wh": 27.00178710409625, "temp_grad": 2.6288236954205852}