{
    "q_liq": [
        1,
        11,
        21,
        31,
        41,
        51,
        61,
        71,
        81,
        91,
        101,
        111,
        121,
        131,
        141,
        151,
        161,
        171,
        181,
        191,
        201,
        211,
        221,
        231,
        241,
        251,
        261,
        271,
        281,
        291,
        301,
        311,
        321,
        331,
        341,
        351,
        361,
        371,
        381,
        391
    ],
    "p_wf": [
        365.6185959594187,
        365.60776996394276,
        365.58102763651186,
        365.5397980337553,
        365.4838476946261,
        365.4132167364246,
        365.32792800756596,
        365.22799624698195,
        365.11343176133835,
        364.9842421746663,
        364.84043336494784,
        364.6820100101193,
        364.50897592768354,
        364.3213342969857,
        364.1190878108049,
        363.90223878229983,
        363.6707892226383,
        363.42474089871865,
        363.1640953769969,
        362.8888540573675,
        362.5990181997755,
        362.2945889454142,
        361.9755673338231,
        361.6419543168338,
        361.2937507700595,
        360.93095750245,
        360.5535752643006,
        360.1616047540208,
        359.75504662388994,
        359.33390148498717,
        358.89816991143636,
        358.44785244408286,
        357.98294959369275,
        357.5034618437524,
        357.0093896529261,
        356.50073345722484,
        355.977493671926,
        355.4396706932806,
        354.88726490003364,
        354.32027665478637
    ]
}