{"gamma_water": 0.9927338458239655, "md_vdp": 2938.7060252183933, "d_tub": 0.6891118217757921, "angle": 61.026300470610735, "roughness": 0.0008096117794223075, "p_wh": 145.1838953588889, "t_wh": 24.057982975469255, "temp_grad": 2.5739129956730666}