{"fluid": {"gamma_oil": 0.8308308866067682, "gamma_water": 1.0557888349492028, "gamma_gas": 0.6571810484362514, "wct": 0.20162948641291523, "rp": 247.01407145649037}, "pipe": {"tubing": {"d": 0.0868765204862389, "md": 1400, "roughness": 0.0005742128751462457}, "casing": {"d": 0.14378853462982344, "roughness": 0.0007272451483049247}}, "inclinometry": {"md": [0, 1400, 1818.2699271082581, 1860.2796376132924, 1913.9387116339917, 1942.7974686731334, 1970.2256107215321, 1980.6052786208795], "tvd": [0, 1300, 1608.3363599434042, 1632.2759701808684, 1635.965388589676, 1645.8692905382668, 1672.4472152900562, 1674.4382471354138]}, "temperature": {"t_res": 64.81335847224086, "temp_grad": 2.0790650755013944}, "reservoir": {"md_vdp": 1980.6052786208795, "p_res": 191.75660284501188, "pi": 1.4493480343534197}, "regime": {"p_wh": 27.370896204683717}}
