{
    "t1": {
        "pwf": 113.55896676526021
    },
    "t2": {
        "q_inj": 65500,
        "q_liq": 149.41731234820915
    }
}